,firstname,lastname,university,department,grad_school,title,highest_degree,Grad_Yr
0,Alberto,Abadie,HARVARD UNIVERSITY, Harvard Graduate School of Education, Massachusetts Institute of Technology,Member of the Faculty of Education,Ph.D.,1999
1,Emily,Ackman,HARVARD UNIVERSITY, Harvard Graduate School of Education, Arizona State University,Postdoctoral Fellow in Education,Ph.D.,2013
2,Lauren,Adams,HARVARD UNIVERSITY, Harvard Graduate School of Education, Simmons College,Adjunct Lecturer on Education,M.A.,1995
3,Mitsue,Allen-Tamai,HARVARD UNIVERSITY, Harvard Graduate School of Education,NO INFO AVAILABLE,Professor of Practice,NO INFO AVAILABLE,
4,Andres,Alonso,HARVARD UNIVERSITY, Harvard Graduate School of Education, Harvard University,Visiting Scholar in Education,Ed.D.,2006
5,Arif,Altun,HARVARD UNIVERSITY, Harvard Graduate School of Education,NO INFO AVAILABLE,Visiting Fellow in Education,NO INFO AVAILABLE,
6,Chiwen,Bao,HARVARD UNIVERSITY, Harvard Graduate School of Education,NO INFO AVAILABLE,Adjunct Lecturer on Education,NO INFO AVAILABLE,
7,Dennis,Barr,HARVARD UNIVERSITY, Harvard Graduate School of Education, Harvard University,Assistant Professor of Education and Economics,Ed.D.,1993
8,Felipe,Barrera-Osorio,HARVARD UNIVERSITY, Harvard Graduate School of Education, University of Maryland,Member of the Faculty of Education,Ph.D.,2003
9,William,Beardslee,HARVARD UNIVERSITY, Harvard Graduate School of Education, Case Western Reserve University,Visiting Scholar in Education,M.D.,1971
10,Janine,Bempechat,HARVARD UNIVERSITY, Harvard Graduate School of Education, Harvard University,Adjunct Lecturer on Education,Ed.D.,1986
11,Ron,Berger,HARVARD UNIVERSITY, Harvard Graduate School of Education, Harvard University,Senior Lecturer on Education,Ed.M.,1990
12,Joseph,Blatt,HARVARD UNIVERSITY, Harvard Graduate School of Education, Harvard University,Adjunct Lecturer on Education,Ed.M.,1977
13,Tina,Blythe,HARVARD UNIVERSITY, Harvard Graduate School of Education, Harvard University,Adjunct Lecturer on Education,Ed.M.,2002
14,Candice,Bocala,HARVARD UNIVERSITY, Harvard Graduate School of Education, Harvard University,Adjunct Lecturer on Education,Ed.D.,2014
15,Lisa,Boes,HARVARD UNIVERSITY, Harvard Graduate School of Education, Harvard University,Senior Lecturer on Education,Ed.D.,2006
16,Katherine,Boles,HARVARD UNIVERSITY, Harvard Graduate School of Education, Harvard University,Lecturer on Education,Ed.D.,1991
17,Kathryn,Boudett,HARVARD UNIVERSITY, Harvard Graduate School of Education, Harvard University,Postdoctoral Fellow in Education,Ph.D.,1998
18,Jocelyn,Bowne,HARVARD UNIVERSITY, Harvard Graduate School of Education,NO INFO AVAILABLE,Assistant Professor of Education,NO INFO AVAILABLE,
19,Karen,Brennan,HARVARD UNIVERSITY, Harvard Graduate School of Education, Massachusetts Institute of Technology,Assistant Professor of Education,Ph.D.,2012
20,Ebony,Bridwell-Mitchell,HARVARD UNIVERSITY, Harvard Graduate School of Education, New York University,Lecturer on Education,Ph.D.,2008
21,Gretchen,Brion-Meisels,HARVARD UNIVERSITY, Harvard Graduate School of Education, Harvard Graduate School of Education,Instructor in Education,Ed.D.,2013
22,Mary,Burkhauser,HARVARD UNIVERSITY, Harvard Graduate School of Education, Pace University,Visiting Scholar in Education,M.A.T.,2007
23,Eduardo,Oliveira,HARVARD UNIVERSITY, Harvard Graduate School of Education,NO INFO AVAILABLE,Member of the Faculty of Education,NO INFO AVAILABLE,
24,Susan,Carey,HARVARD UNIVERSITY, Harvard Graduate School of Education, Harvard University,"Charles William Eliot Professor of Education, Emerita",Ph.D.,1971
25,Courtney,Cazden,HARVARD UNIVERSITY, Harvard Graduate School of Education, Harvard University,"Professor of Education, Emeritus",Ed.D.,1965
26,Richard,Chait,HARVARD UNIVERSITY, Harvard Graduate School of Education, University of Wisconsin,Postdoctoral Fellow in Education,Ph.D.,1972
27,Si,Chen,HARVARD UNIVERSITY, Harvard Graduate School of Education,NO INFO AVAILABLE,Visiting Scholar in Education,NO INFO AVAILABLE,
28,Xinkui,Chen,HARVARD UNIVERSITY, Harvard Graduate School of Education,NO INFO AVAILABLE,Member of the Faculty of Education,NO INFO AVAILABLE,
29,Raj,Chetty,HARVARD UNIVERSITY, Harvard Graduate School of Education, Harvard University,Adjunct Lecturer on Education,Ph.D.,2003
30,Joanna,Christodoulou,HARVARD UNIVERSITY, Harvard Graduate School of Education, Harvard University,Lecturer on Education,Ed.D.,2010
31,Elizabeth,City,HARVARD UNIVERSITY, Harvard Graduate School of Education, Harvard University,Lecturer on Education,Ed.D.,2007
32,Edward,Clapp,HARVARD UNIVERSITY, Harvard Graduate School of Education, Harvard University,Adjunct Lecturer on Education,Ed.D.,2014
33,Lee,Coffin,HARVARD UNIVERSITY, Harvard Graduate School of Education, Harvard University,Visiting Professor of Education,Ed.M.,1990
34,David,Cohen,HARVARD UNIVERSITY, Harvard Graduate School of Education,NO INFO AVAILABLE,Instructor in Education,NO INFO AVAILABLE,
35,Eduardo,Jr,HARVARD UNIVERSITY, Harvard Graduate School of Education, Harvard University,Postdoctoral Fellow in Education,Ed.M.,2009
36,Megan,Cotnam-Kappel,HARVARD UNIVERSITY, Harvard Graduate School of Education, University of Ottawa,Adjunct Lecturer on Education,Ph.D.,2014
37,Rachel,Currie-Rubin,HARVARD UNIVERSITY, Harvard Graduate School of Education, Harvard University,Timothy E. Wirth Professor in Learning Technologies,Ed.D.,2012
38,Christopher,Dede,HARVARD UNIVERSITY, Harvard Graduate School of Education, University of Massachusetts,Visiting Lecturer on Education,Ed.D.,1972
39,Bruno,Chiesa,HARVARD UNIVERSITY, Harvard Graduate School of Education,NO INFO AVAILABLE,Associate Professor of Education and Economics,NO INFO AVAILABLE,
40,David,Deming,HARVARD UNIVERSITY, Harvard Graduate School of Education, Harvard University,Visiting Scholar in Education,Ph.D.,2010
41,Eleanor,Denny,HARVARD UNIVERSITY, Harvard Graduate School of Education,NO INFO AVAILABLE,Adjunct Lecturer on Education,NO INFO AVAILABLE,
42,David,Dockterman,HARVARD UNIVERSITY, Harvard Graduate School of Education, Harvard University,Assistant Professor of Education,Ed.D.,1988
43,Sarah,Dryden-Peterson,HARVARD UNIVERSITY, Harvard Graduate School of Education, Harvard University,Research Professor of Education,Ed.D.,2009
44,Eleanor,Duckworth,HARVARD UNIVERSITY, Harvard Graduate School of Education, Université de Genève,Adjunct Lecturer on Education,Ph.D.,1977
45,Elizabeth,Duraisingh,HARVARD UNIVERSITY, Harvard Graduate School of Education, Harvard University,Adjunct Lecturer on Education,Ed.D.,2012
46,Susan,Eaton,HARVARD UNIVERSITY, Harvard Graduate School of Education, Harvard University,Instructor in Education,Ed.D.,1999
47,Hadas,Eidelman,HARVARD UNIVERSITY, Harvard Graduate School of Education,NO INFO AVAILABLE,Instructor in Education,NO INFO AVAILABLE,
48,Aaliyah,El-Amin,HARVARD UNIVERSITY, Harvard Graduate School of Education, Harvard University,Professor of Education,Ed.M.,
49,Catherine,Elgin,HARVARD UNIVERSITY, Harvard Graduate School of Education, Brandeis University,Instructor in Education,Ph.D.,1975
50,Tracy,Elizabeth,HARVARD UNIVERSITY, Harvard Graduate School of Education, Harvard University,Gregory R. Anrig Research Professor of Educational Leadership,Ed.M.,
51,Richard,Elmore,HARVARD UNIVERSITY, Harvard Graduate School of Education, Harvard University,Visiting Practitioner in Education,Ed.D.,1976
52,Charles,Fadel,HARVARD UNIVERSITY, Harvard Graduate School of Education,NO INFO AVAILABLE,Adjunct Lecturer on Education,NO INFO AVAILABLE,
53,Beth,Faller,HARVARD UNIVERSITY, Harvard Graduate School of Education, Harvard University,Lecturer on Education,Ed.D.,2014
54,Ronald,Ferguson,HARVARD UNIVERSITY, Harvard Graduate School of Education, Massachusetts Institute of Technology,Charles Bigelow Research Professor of Education,Ph.D.,1981
55,Sarah,Fiarman,HARVARD UNIVERSITY, Harvard Graduate School of Education,NO INFO AVAILABLE,Member of the Faculty of Education,NO INFO AVAILABLE,
56,Kurt,Fischer,HARVARD UNIVERSITY, Harvard Graduate School of Education, Harvard University,Member of the Faculty of Education,Ph.D.,1971
57,Susan,Fliss,HARVARD UNIVERSITY, Harvard Graduate School of Education, University of Maine,Lecturer on Education,Ph.D.,2007
58,Roland,Fryer,HARVARD UNIVERSITY, Harvard Graduate School of Education, The Pennsylvania State University,Member of the Faculty of Education,Ph.D.,2002
59,Jon,Fullerton,HARVARD UNIVERSITY, Harvard Graduate School of Education, Harvard University,Member of the Faculty of Education,Ph.D.,
60,Archon,Fung,HARVARD UNIVERSITY, Harvard Graduate School of Education,NO INFO AVAILABLE,Adjunct Lecturer on Education,NO INFO AVAILABLE,
61,Nadine,Gaab,HARVARD UNIVERSITY, Harvard Graduate School of Education, University of Zürich,Member of the Faculty of Education,Ph.D.,2004
62,Chris,Gabrieli,HARVARD UNIVERSITY, Harvard Graduate School of Education, ,Member of the Faculty of Education,A.B.,1981
63,John,Gabrieli,HARVARD UNIVERSITY, Harvard Graduate School of Education, Massachusetts Institute of Technology,The John H. and Elisabeth A. Hobbs Professor of Cognition and Education,Ph.D.,1987
64,Marshall,Ganz,HARVARD UNIVERSITY, Harvard Graduate School of Education, Harvard University,Lecturer on Education,Ph.D.,2000
65,Howard,Gardner,HARVARD UNIVERSITY, Harvard Graduate School of Education, Harvard University,Associate Professor of Education,Ph.D.,1971
66,Deborah,Garson,HARVARD UNIVERSITY, Harvard Graduate School of Education, Harvard University,"Professor of Education, Emeritus",Ed.M.,
67,Hunter,Gehlbach,HARVARD UNIVERSITY, Harvard Graduate School of Education, Stanford University,Assistant Professor of Education,Ph.D.,2004
68,Nathan,Glazer,HARVARD UNIVERSITY, Harvard Graduate School of Education, Columbia University,Member of the Faculty of Education,Ph.D.,1962
69,Roberto,Gonzales,HARVARD UNIVERSITY, Harvard Graduate School of Education, University of California,Adjunct Lecturer on Education,Ph.D.,2008
70,Joshua,Goodman,HARVARD UNIVERSITY, Harvard Graduate School of Education,NO INFO AVAILABLE,Adjunct Lecturer on Education,NO INFO AVAILABLE,
71,Robert,Goodman,HARVARD UNIVERSITY, Harvard Graduate School of Education, Harvard University,Visiting Scholar in Education,Ed.D.,1983
72,Adria,Goodson,HARVARD UNIVERSITY, Harvard Graduate School of Education, Boston College,"Charles Warren Professor of the History of American Education, Emerita",Ph.D.,2006
73,Emmanuele,Goulon,HARVARD UNIVERSITY, Harvard Graduate School of Education,NO INFO AVAILABLE,Adjunct Lecturer on Education,NO INFO AVAILABLE,
74,Patricia,Graham,HARVARD UNIVERSITY, Harvard Graduate School of Education, Columbia University,Associate Professor of Education,Ph.D.,1964
75,Daren,Graves,HARVARD UNIVERSITY, Harvard Graduate School of Education, Harvard University,Lecturer on Education,Ed.D.,2006
76,Tina,Grotzer,HARVARD UNIVERSITY, Harvard Graduate School of Education, Harvard University,Preceptor in Entrepreneurship and Innovation,Ed.D.,1993
77,Betsy,Groves,HARVARD UNIVERSITY, Harvard Graduate School of Education, Boston University,Adjunct Lecturer on Education,M.S.W.,1975
78,Gregory,Gunn,HARVARD UNIVERSITY, Harvard Graduate School of Education,NO INFO AVAILABLE,Instructor in Education,NO INFO AVAILABLE,
79,Wendy,Harbour,HARVARD UNIVERSITY, Harvard Graduate School of Education, Harvard University,Victor S. Thomas Professor of Education,Ed.D.,2008
80,Houman,Harouni,HARVARD UNIVERSITY, Harvard Graduate School of Education,NO INFO AVAILABLE,Visiting Professor of Education,NO INFO AVAILABLE,
81,Paul,Harris,HARVARD UNIVERSITY, Harvard Graduate School of Education, Oxford University,Silvana and Christopher Pascucci Professor of Practice in Learning Differences,D.Phil.,1971
82,Helen,Haste,HARVARD UNIVERSITY, Harvard Graduate School of Education, University of Bath,Adjunct Lecturer on Education,Ph.D.,1985
83,Thomas,Hehir,HARVARD UNIVERSITY, Harvard Graduate School of Education, Harvard University,Adjunct Lecturer on Education,Ed.D.,1990
84,Deborah,Helsing,HARVARD UNIVERSITY, Harvard Graduate School of Education, Harvard Graduate School of Education,Kathleen McCartney Professor in Education Leadership,Ed.D.,2003
85,Frederick,Hess,HARVARD UNIVERSITY, Harvard Graduate School of Education, Harvard University,Jerome T. Murphy Professor in Education,Ph.D.,1997
86,Monica,Higgins,HARVARD UNIVERSITY, Harvard Graduate School of Education, Amos Tuck School of Business Administration; M.A.,Professor of Education,M.B.A.,1995
87,Heather,Hill,HARVARD UNIVERSITY, Harvard Graduate School of Education, University of Michigan,Adjunct Lecturer on Education,Ph.D.,2000
88,Nancy,Hill,HARVARD UNIVERSITY, Harvard Graduate School of Education, Michigan State University,Professor of Education,Ph.D.,1994
89,Christina,Hinton,HARVARD UNIVERSITY, Harvard Graduate School of Education, Harvard University,Member of the Faculty of Education,Ed.D.,2012
90,Andrew,Ho,HARVARD UNIVERSITY, Harvard Graduate School of Education, Stanford University,Adjunct Lecturer on Education,Ph.D.,2005
91,Jennifer,Hochschild,HARVARD UNIVERSITY, Harvard Graduate School of Education, Yale University,President in Residence,Ph.D.,1979
92,Nancy,Hoffman,HARVARD UNIVERSITY, Harvard Graduate School of Education, University of California,Senior Lecturer on Education,Ph.D.,1971
93,Dennis,Holtschneider,HARVARD UNIVERSITY, Harvard Graduate School of Education,NO INFO AVAILABLE,Lecturer on Education,NO INFO AVAILABLE,
94,James,Honan,HARVARD UNIVERSITY, Harvard Graduate School of Education, Harvard University,Adjunct Lecturer on Education,Ed.D.,1989
95,Haiyan,Hua,HARVARD UNIVERSITY, Harvard Graduate School of Education, Harvard University,Lecturer on Education,Ed.D.,1995
96,Robert,Iuliano,HARVARD UNIVERSITY, Harvard Graduate School of Education, University of Virginia,Lecturer on Education,J.D.,1986
97,Vicki,Jacobs,HARVARD UNIVERSITY, Harvard Graduate School of Education, Harvard University,Professor of Practice,Ed.D.,1986
98,Carrie,James,HARVARD UNIVERSITY, Harvard Graduate School of Education, New York University,Jerome T. Murphy Research Professor in Education,Ph.D.,2003
99,Deborah,Jewell-Sherman,HARVARD UNIVERSITY, Harvard Graduate School of Education, Harvard University,Marie and Max Kargman Associate Professor in Human Development and Urban Education Advancement,Ed.D.,1995
100,Susan,Johnson,HARVARD UNIVERSITY, Harvard Graduate School of Education, Harvard University,Adjunct Lecturer on Education,Ed.D.,1981
101,Stephanie,Jones,HARVARD UNIVERSITY, Harvard Graduate School of Education, Yale University,Member of the Faculty of Education,Ph.D.,2002
102,David,Kahle,HARVARD UNIVERSITY, Harvard Graduate School of Education, Harvard University,Walter H. Gale Professor of Education and Economics,Ed.M.,1996
103,Joseph,Kalt,HARVARD UNIVERSITY, Harvard Graduate School of Education, University of California,The William and Miriam Meehan Professor in Adult Learning and Professional Development,Ph.D.,1980
104,Thomas,Kane,HARVARD UNIVERSITY, Harvard Graduate School of Education, Harvard University,Visiting Professor of Education,Ph.D.,1991
105,Robert,Kegan,HARVARD UNIVERSITY, Harvard Graduate School of Education, Harvard University,Member of the Faculty of Education,Ph.D.,1977
106,Shabnam,Khan,HARVARD UNIVERSITY, Harvard Graduate School of Education,NO INFO AVAILABLE,Postdoctoral Fellow in Education,NO INFO AVAILABLE,
107,Tarun,Khanna,HARVARD UNIVERSITY, Harvard Graduate School of Education, Harvard University,Associate Professor of Education,Ph.D.,1993
108,Ha,Kim,HARVARD UNIVERSITY, Harvard Graduate School of Education,NO INFO AVAILABLE,Lecturer on Education,NO INFO AVAILABLE,
109,James,Kim,HARVARD UNIVERSITY, Harvard Graduate School of Education, Harvard University,Henry Lee Shattuck Professor of Education,Ed.D.,2002
110,Josephine,Kim,HARVARD UNIVERSITY, Harvard Graduate School of Education, University of Virginia,Lecturer on Education,Ph.D.,2005
111,Daniel,Koretz,HARVARD UNIVERSITY, Harvard Graduate School of Education, Cornell University,Postdoctoral Fellow in Education,Ph.D.,1978
112,Lisa,Lahey,HARVARD UNIVERSITY, Harvard Graduate School of Education, Harvard University,Instructor in Education,Ed.D.,1986
113,Jonathan,Lane,HARVARD UNIVERSITY, Harvard Graduate School of Education,NA,Emily Hargroves Fisher Professor of Education,Larsen 512 ,512
114,Charles,Lang,HARVARD UNIVERSITY, Harvard Graduate School of Education, Harvard University,Adjunct Lecturer on Education,Ed.M.,
115,Sara,Lawrence-Lightfoot,HARVARD UNIVERSITY, Harvard Graduate School of Education, Harvard University,Lecturer on Education,Ed.D.,1972
116,Chad,Leith,HARVARD UNIVERSITY, Harvard Graduate School of Education, Harvard University,Adjunct Lecturer on Education,Ed.D.,2011
117,Holly,Lem,HARVARD UNIVERSITY, Harvard Graduate School of Education, New School for Social Research,Juliana W. and William Foss Thompson Professor of Education and Society,Ph.D.,2003
118,Charles,Lerner,HARVARD UNIVERSITY, Harvard Graduate School of Education, The Ohio State University,"Roy Edward Larsen Professor of Education and Human Development, Emeritus",M.A.,2001
119,Nonie,Lesaux,HARVARD UNIVERSITY, Harvard Graduate School of Education, University of British Columbia,Associate Professor of Education,Ph.D.,2003
120,Robert,LeVine,HARVARD UNIVERSITY, Harvard Graduate School of Education, Harvard University,"Carl H. Pforzheimer, Jr. Professor of Teaching and Learning",Ph.D.,1958
121,Meira,Levinson,HARVARD UNIVERSITY, Harvard Graduate School of Education, University of Oxford,Adjunct Lecturer on Education,Ph.D.,1997
122,Richard,Light,HARVARD UNIVERSITY, Harvard Graduate School of Education, Harvard University,Visiting Scholar in Education,Ph.D.,1969
123,Jed,Lippard,HARVARD UNIVERSITY, Harvard Graduate School of Education, Harvard University,"Saris Professor of Education and Economics, Academic Dean",Ed.D.,2014
124,Zhi,Liu,HARVARD UNIVERSITY, Harvard Graduate School of Education,NO INFO AVAILABLE,Assistant Professor of Education,NO INFO AVAILABLE,
125,Bridget,Long,HARVARD UNIVERSITY, Harvard Graduate School of Education, Harvard University,Lecturer on Education,Ph.D.,2000
126,Gigi,Luk,HARVARD UNIVERSITY, Harvard Graduate School of Education, York University,Member of the Faculty of Education,Ph.D.,2008
127,Stephen,Mahoney,HARVARD UNIVERSITY, Harvard Graduate School of Education, Boston College,Senior Lecturer on Education,Ed.D.,2006
128,David,Malan,HARVARD UNIVERSITY, Harvard Graduate School of Education, Harvard University,Lecturer on Education,Ph.D.,2007
129,Karen,Mapp,HARVARD UNIVERSITY, Harvard Graduate School of Education, Harvard University,"Professor of Education, Emerita",Ed.D.,1999
130,Pamela,Mason,HARVARD UNIVERSITY, Harvard Graduate School of Education, Harvard University,Postdoctoral Fellow in Education,Ed.D.,1975
131,Kathleen,McCartney,HARVARD UNIVERSITY, Harvard Graduate School of Education, Yale University,Visiting Fellow in Education,Ph.D.,1982
132,Dana,McCoy,HARVARD UNIVERSITY, Harvard Graduate School of Education, New York University,"Professor of Education, Emeritus",Ph.D.,2013
133,Metta,McGarvey,HARVARD UNIVERSITY, Harvard Graduate School of Education, Harvard University,Lecturer on Education,Ed.D.,2010
134,Noel,McGinn,HARVARD UNIVERSITY, Harvard Graduate School of Education, University of Michigan,Senior Lecturer on Education,Ph.D.,1963
135,Eileen,McGowan,HARVARD UNIVERSITY, Harvard Graduate School of Education, Harvard University,Associate Professor of Education,Ed.D.,2004
136,Judith,McLaughlin,HARVARD UNIVERSITY, Harvard Graduate School of Education, Harvard University,Associate in Education,Ed.D.,1983
137,Jal,Mehta,HARVARD UNIVERSITY, Harvard Graduate School of Education, Harvard University,Member of the Faculty of Education,Ph.D.,2006
138,Lynn,Meltzer,HARVARD UNIVERSITY, Harvard Graduate School of Education, University of Witwatersrand,Senior Lecturer on Education,Ph.D.,1977
139,Louis,Menand,HARVARD UNIVERSITY, Harvard Graduate School of Education, Columbia University,Adjunct Lecturer on Education,Ph.D.,1980
140,Katherine,Merseth,HARVARD UNIVERSITY, Harvard Graduate School of Education, Harvard University,"Lecturer on Education, Associate Dean for Learning and Teaching",Ed.D.,1982
141,Lisa,Messina,HARVARD UNIVERSITY, Harvard Graduate School of Education, Harvard Univesity,Member of the Faculty of Education,Ed.M.,2007
142,Matthew,Miller,HARVARD UNIVERSITY, Harvard Graduate School of Education, Harvard University; B.A.,Adjunct Lecturer on Education,Ed.D.,
143,Martha,Minow,HARVARD UNIVERSITY, Harvard Graduate School of Education, Yale University; Ed.M.,Member of the Faculty of Education,J.D.,1979
144,MAK,Mitchell,HARVARD UNIVERSITY, Harvard Graduate School of Education, Harvard University,"Herbert A. Simon Professor in Education, Management, and Organizational Behavior",Ed.D.,1989
145,Maria,Mody,HARVARD UNIVERSITY, Harvard Graduate School of Education, City University of New York,Instructor in Education,Ph.D.,1993
146,Mark,Moore,HARVARD UNIVERSITY, Harvard Graduate School of Education, Harvard University,Juliana W. and William Foss Thompson Research Professor of Education and Society,Ph.D.,1973
147,Adrienne,Mundy-Shephard,HARVARD UNIVERSITY, Harvard Graduate School of Education, Georgetown University,"Harold Howe II Professor of Education, Emeritus",J.D.,
148,Richard,Murnane,HARVARD UNIVERSITY, Harvard Graduate School of Education, Yale University,Adjunct Lecturer on Education,Ph.D.,1974
149,Jerome,Murphy,HARVARD UNIVERSITY, Harvard Graduate School of Education, Harvard University,Professor of Education,Ed.D.,1973
150,Linda,Nathan,HARVARD UNIVERSITY, Harvard Graduate School of Education, Harvard University,Member of the Faculty of Education,Ed.D.,1995
151,Charles,III,HARVARD UNIVERSITY, Harvard Graduate School of Education, University of Kansas,Visiting Scholar in Education,Ph.D.,1981
152,Elisa,New,HARVARD UNIVERSITY, Harvard Graduate School of Education, Columbia University,Member of the Faculty of Education,Ph.D.,1988
153,Nancy,Nordmann,HARVARD UNIVERSITY, Harvard Graduate School of Education, University of Chicago,Senior Lecturer on Education,Ph.D.,1991
154,Dennis,Norman,HARVARD UNIVERSITY, Harvard Graduate School of Education, Harvard University,Visiting Scholar in Education,Ed.D.,1981
155,Mary,O'Neill,HARVARD UNIVERSITY, Harvard Graduate School of Education, University of Massachusetts,Adjunct Lecturer on Education,Ed.D.,1990
156,Ogi,Ogas,HARVARD UNIVERSITY, Harvard Graduate School of Education,NO INFO AVAILABLE,"Carl H. Pforzheimer, Jr. Research Professor of Teaching and Learning",NO INFO AVAILABLE,
157,Victor,Jr.,HARVARD UNIVERSITY, Harvard Graduate School of Education, Boston College,"Professor of Practice, Emeritus",M.A.,2004
158,David,Perkins,HARVARD UNIVERSITY, Harvard Graduate School of Education, Massachusetts Institute of Technology,"Professor of Education and Psychiatry, Emeritus",Ph.D.,1970
159,Robert,Peterkin,HARVARD UNIVERSITY, Harvard Graduate School of Education, University of Massachusetts,Senior Lecturer on Education,Ed.D.,1981
160,Chester,Pierce,HARVARD UNIVERSITY, Harvard Graduate School of Education, Harvard University,Adjunct Lecturer on Education,M.D.,1952
161,Todd,Pittinsky,HARVARD UNIVERSITY, Harvard Graduate School of Education, Harvard University,Adjunct Lecturer on Education,Ph.D.,2001
162,Gabrielle,Rappolt-Schlichtmann,HARVARD UNIVERSITY, Harvard Graduate School of Education, Harvard University,Adjunct Lecturer on Education,Ed.D.,2007
163,Christine,Reich,HARVARD UNIVERSITY, Harvard Graduate School of Education, Lesley University,Ford Foundation Professor of Practice in International Education,M.Ed.,2005
164,Justin,Reich,HARVARD UNIVERSITY, Harvard Graduate School of Education,NO INFO AVAILABLE,Charles Warren Professor of the History of American Education,NO INFO AVAILABLE,
165,Fernando,Reimers,HARVARD UNIVERSITY, Harvard Graduate School of Education, Harvard University,Francis Keppel Professor of Practice of Educational Policy and Administration,Ed.D.,1988
166,Julie,Reuben,HARVARD UNIVERSITY, Harvard Graduate School of Education, Stanford University,Adjunct Lecturer on Education,Ph.D.,1990
167,Paul,Reville,HARVARD UNIVERSITY, Harvard Graduate School of Education, Stanford University,Adjunct Lecturer on Education,Ed.M.,1974
168,Noel,Reyes,HARVARD UNIVERSITY, Harvard Graduate School of Education, University of Massachusetts,Visiting Scholar in Education,M.Ed.,2007
169,John,Richards,HARVARD UNIVERSITY, Harvard Graduate School of Education, SUNY Buffalo,Adjunct Lecturer on Education,Ph.D.,1971
170,Saiyid,Rizvi,HARVARD UNIVERSITY, Harvard Graduate School of Education, New School for Social Research,Instructor in Education,Ph.D.,1990
171,Lolly,Robinson,HARVARD UNIVERSITY, Harvard Graduate School of Education, Simmons College,Lecturer on Education,M.A.,1991
172,Vanessa,Rodriguez,HARVARD UNIVERSITY, Harvard Graduate School of Education,NO INFO AVAILABLE,Lecturer on Education,NO INFO AVAILABLE,
173,David,Rose,HARVARD UNIVERSITY, Harvard Graduate School of Education, Harvard University,Visiting Scholar in Education,Ed.D.,1976
174,L.,Rose,HARVARD UNIVERSITY, Harvard Graduate School of Education, Harvard University,Associate Professor of Education,Ed.D.,2007
175,Richard,Rothstein,HARVARD UNIVERSITY, Harvard Graduate School of Education, Harvard College,Adjunct Lecturer on Education,B.A.,1963
176,Meredith,Rowe,HARVARD UNIVERSITY, Harvard Graduate School of Education, Harvard University,Charles William Eliot Professor of Education,Ed.D.,2003
177,Noah,Rubin,HARVARD UNIVERSITY, Harvard Graduate School of Education, Harvard University; M.Sc.,"Visiting Professor of Practice in Education, Visiting Professor of Practice in Education",Ed.D.,
178,James,Ryan,HARVARD UNIVERSITY, Harvard Graduate School of Education, University of Virginia,Senior Lecturer on Education,J.D.,1992
179,Pasi,Sahlberg,HARVARD UNIVERSITY, Harvard Graduate School of Education, University of Jyvaskyla,Adjunct Lecturer on Education,Ph.D.,1996
180,Mandy,Savitz-Romer,HARVARD UNIVERSITY, Harvard Graduate School of Education, Boston College,Adjunct Lecturer on Education,Ph.D.,2004
181,Laura,Schifter,HARVARD UNIVERSITY, Harvard Graduate School of Education, Harvard University,Adjunct Lecturer on Education,Ed.D.,2014
182,Rhoda,Schneider,HARVARD UNIVERSITY, Harvard Graduate School of Education,NO INFO AVAILABLE,Visiting Fellow in Education,NO INFO AVAILABLE,
183,Lisa,Schneier,HARVARD UNIVERSITY, Harvard Graduate School of Education, Harvard University,"Professor of Practice, Emeritus",Ed.D.,1995
184,Matthew,Schneps,HARVARD UNIVERSITY, Harvard Graduate School of Education,NO INFO AVAILABLE,The Patricia Bauman and John Landrum Bryant Senior Lecturer on Arts in Education,NO INFO AVAILABLE,
185,Judah,Schwartz,HARVARD UNIVERSITY, Harvard Graduate School of Education, New York University,Adjunct Lecturer on Education,Ph.D.,1963
186,Robert,Schwartz,HARVARD UNIVERSITY, Harvard Graduate School of Education, Brandeis University,Roy Edward Larsen Professor of Education and Human Development,M.A.,1962
187,Steven,Seidel,HARVARD UNIVERSITY, Harvard Graduate School of Education, Harvard University,Lecturer on Education,Ed.D.,1995
188,Scott,Seider,HARVARD UNIVERSITY, Harvard Graduate School of Education, Harvard University,Member of the Faculty of Education,Ed.D.,2008
189,Robert,Selman,HARVARD UNIVERSITY, Harvard Graduate School of Education, Boston University,"Julius B. Richmond FAMRI Professor of Child Health and Development, Harvard School of Public Health and Harvard Graduate School of Education",Ph.D.,1969
190,Eric,Shed,HARVARD UNIVERSITY, Harvard Graduate School of Education, Stanford University,Lecturer on Education,Ph.D.,2013
191,Margaret,Sheridan,HARVARD UNIVERSITY, Harvard Graduate School of Education,NO INFO AVAILABLE,Adjunct Lecturer on Education,NO INFO AVAILABLE,
192,Jack,M.D.,HARVARD UNIVERSITY, Harvard Graduate School of Education, New York University,"James Bryant Conant Professor of Education, Senior Vice Provost for Faculty Development and Diversity",M.D.,1972
193,Beth,Simpson,HARVARD UNIVERSITY, Harvard Graduate School of Education, Harvard University,Patricia Albjerg Graham Professor of Education,Ed.M.,2010
194,Karl,Sineath,HARVARD UNIVERSITY, Harvard Graduate School of Education, Harvard University,Adjunct Lecturer on Education,M.T.S.,2005
195,Judith,Singer,HARVARD UNIVERSITY, Harvard Graduate School of Education, Harvard University,Visiting Scholar in Education,Ph.D.,1983
196,Jonathan,Slater,HARVARD UNIVERSITY, Harvard Graduate School of Education,NO INFO AVAILABLE,Member of the Faculty of Education,NO INFO AVAILABLE,
197,Mike,Smith,HARVARD UNIVERSITY, Harvard Graduate School of Education, Harvard University,Nancy Pforzheimer Aronson Associate Professor in Human Development and Education,Ed.D.,1970
198,Catherine,Snow,HARVARD UNIVERSITY, Harvard Graduate School of Education, McGill University,Lecturer on Education,Ph.D.,1971
199,Nancy,Sommers,HARVARD UNIVERSITY, Harvard Graduate School of Education, Boston University,Postdoctoral Fellow in Education,Ed.D.,1978
200,Yingquan,Song,HARVARD UNIVERSITY, Harvard Graduate School of Education,NO INFO AVAILABLE,Lecturer on Education,NO INFO AVAILABLE,
201,Elizabeth,Spelke,HARVARD UNIVERSITY, Harvard Graduate School of Education, Cornell University,Lecturer on Education,Ph.D.,1978
202,Jon,Star,HARVARD UNIVERSITY, Harvard Graduate School of Education, University of Michigan,Adjunct Lecturer on Education,Ph.D.,2001
203,Eric,Taylor,HARVARD UNIVERSITY, Harvard Graduate School of Education,NO INFO AVAILABLE,Adjunct Lecturer on Education,NO INFO AVAILABLE,
204,Lee,Teitel,HARVARD UNIVERSITY, Harvard Graduate School of Education, Harvard University,Member of the Faculty of Education,Ed.D.,1988
205,Meredith,Thompson,HARVARD UNIVERSITY, Harvard Graduate School of Education,NO INFO AVAILABLE,"Lecturer on Education, Postdoctoral Fellow in Education",NO INFO AVAILABLE,
206,Shari,Tishman,HARVARD UNIVERSITY, Harvard Graduate School of Education, Harvard University,Associate Professor of Education,Ed.D.,1991
207,Terrence,Tivnan,HARVARD UNIVERSITY, Harvard Graduate School of Education, Harvard University,Member of the Faculty of Education,Ed.D.,1980
208,Barbara,Treacy,HARVARD UNIVERSITY, Harvard Graduate School of Education, Harvard University,Adjunct Lecturer on Education,Ed.M.,1998
209,Kimberly,Truong,HARVARD UNIVERSITY, Harvard Graduate School of Education, University of Pennsylvania,Visiting Scholar in Education,Ph.D.,2010
210,Michael,Tushman,HARVARD UNIVERSITY, Harvard Graduate School of Education, Massachusetts Institute of Technology,Associate Professor of Education,Ph.D.,1976
211,Michael,Tutwiler,HARVARD UNIVERSITY, Harvard Graduate School of Education,NO INFO AVAILABLE,Visiting Scholar in Education,NO INFO AVAILABLE,
212,Paola,Uccelli,HARVARD UNIVERSITY, Harvard Graduate School of Education, Harvard University,Senior Lecturer on Education,Ed.D.,2003
213,David,Urion,HARVARD UNIVERSITY, Harvard Graduate School of Education, Stanford University,Associate Professor of Education,M.D.,1980
214,Marcus,Walker,HARVARD UNIVERSITY, Harvard Graduate School of Education,NO INFO AVAILABLE,Charles William Eliot Research Professor of Education,NO INFO AVAILABLE,
215,Minhong,Wang,HARVARD UNIVERSITY, Harvard Graduate School of Education,NO INFO AVAILABLE,"Charles William Eliot Professor of Education, Emeritus",NO INFO AVAILABLE,
216,Natasha,Warikoo,HARVARD UNIVERSITY, Harvard Graduate School of Education, Harvard University,Lecturer on Education,Ph.D.,2005
217,Christina,Weiland,HARVARD UNIVERSITY, Harvard Graduate School of Education,NO INFO AVAILABLE,Senior Research Associate in Education,NO INFO AVAILABLE,
218,Richard,Weissbourd,HARVARD UNIVERSITY, Harvard Graduate School of Education, Harvard University,Visiting Scholar in Education,Ed.D.,1987
219,Martin,West,HARVARD UNIVERSITY, Harvard Graduate School of Education, Harvard University,Visiting Scholar in Education,Ph.D.,2006
220,Dean,Whitla,HARVARD UNIVERSITY, Harvard Graduate School of Education, University of Nebraska,Lecturer on Education,Ph.D.,1957
221,John,Willett,HARVARD UNIVERSITY, Harvard Graduate School of Education, Stanford University,Visiting Scholar in Education,Ph.D.,1985
222,Charles,Willie,HARVARD UNIVERSITY, Harvard Graduate School of Education, Syracuse University,Visiting Scholar in Education,Ph.D.,1957
